Nombre,Tipo,L,a,b,Opacidad
Buff Titanium,Acuarela,88,0.67,25.54,0.4
Nickel Titanate Yellow,Acuarela,94,-7.25,38.58,0.65
Bismuth Vanadate Yellow,Acuarela,92,-7.5,76.14,0.9
Hansa Yellow Light,Acuarela,92,-11.78,88.13,0.4
Azo Yellow,Acuarela,91,-3.05,80.31,0.4
Quinophthalone Yellow,Acuarela,90,-4.1,86.5,0.4
Cadmium Yellow Light Hue,Acuarela,92,-8.29,89.0,0.65
Cadmium Yellow Medium Hue,Acuarela,88,5.93,82.45,0.65
Aureolin (Cobalt Yellow),Acuarela,89,-3.62,83.24,0.15
Cadmium Yellow Deep Hue,Acuarela,81,25.2,86.2,0.65
Hansa Yellow Medium,Acuarela,88,3.19,99.59,0.4
Mayan Yellow,Acuarela,88,2.12,79.63,0.15
Lemon Yellow,Acuarela,92,-8.37,83.01,0.15
Indian Yellow,Acuarela,84,8.33,86.92,0.15
Naples Yellow,Acuarela,84,7.61,45.61,0.4
Hansa Yellow Deep,Acuarela,81,23.71,79.48,0.4
New Gamboge,Acuarela,85,11.61,77.33,0.15
Isoindoline Yellow,Acuarela,75,38.66,77.08,0.4
Permanent Yellow Deep,Acuarela,78,30.62,73.9,0.15
Aussie Red Gold,Acuarela,67,40.0,69.21,0.15
Pyrrol Orange,Acuarela,64,58.7,60.7,0.4
Permanent Orange,Acuarela,71,45.24,64.69,0.15
Cadmium Orange Hue,Acuarela,66,52.4,66.4,0.65
Perinone Orange,Acuarela,64,55.53,58.28,0.4
Cadmium Red Scarlet Hue,Acuarela,57,54.4,43.8,0.65
Transparent Pyrrol Orange,Acuarela,53,54.13,43.74,0.15
Organic Vermilion,Acuarela,54,63.47,52.17,0.4
Mayan Orange,Acuarela,59,54.33,37.4,0.4
Quinacridone Coral,Acuarela,62,59.07,17.53,0.15
Pyrrol Scarlet,Acuarela,52,61.49,45.06,0.4
Perylene Scarlet,Acuarela,48,55.43,35.93,0.4
Anthraquinoid Scarlet,Acuarela,60,55.6,36.5,0.15
Cadmium Red Medium Hue,Acuarela,51,57.77,39.19,0.65
Pyrrol Red,Acuarela,47,57.57,35.19,0.4
Perylene Red,Acuarela,46,53.8,26.76,0.4
Permanent Red,Acuarela,47,59.57,35.31,0.4
Permanent Red Deep,Acuarela,44,58.67,29.77,0.4
Quinacridone Red,Acuarela,48,58.8,16.97,0.15
Anthraquinoid Red,Acuarela,46,51.8,19.65,0.15
Mayan Red,Acuarela,59,54.16,9.12,0.15
Alizarin Crimson,Acuarela,47,53.51,16.75,0.15
Permanent Alizarin Crimson,Acuarela,44,53.92,25.55,0.15
Rhodonite Genuine,Acuarela,69,38.62,-7.26,0.15
Carmine,Acuarela,45,53.62,22.01,0.4
Rose Madder Permanent,Acuarela,63,48.41,-1.69,0.15
Opera Pink,Acuarela,73,50.75,-18.12,0.15
Potter's Pink,Acuarela,80,14.27,4.77,0.4
Quinacridone Pink,Acuarela,55,61.09,-1.85,0.15
Quinacridone Rose,Acuarela,61,51.22,-2.88,0.15
Quinacridone Lilac,Acuarela,48,51.89,-5.21,0.15
Quinacridone Magenta,Acuarela,47,49.56,-5.27,0.15
Pyrrol Crimson,Acuarela,43,46.96,19.78,0.4
Quinacridone Fuchsia,Acuarela,44,49.43,8.34,0.15
Mayan Violet,Acuarela,53,36.11,-14.7,0.15
Bordeaux,Acuarela,38,41.42,8.51,0.4
Permanent Violet,Acuarela,34,33.49,-2.97,0.4
Quinacridone Violet,Acuarela,37,43.34,2.17,0.15
Perylene Violet,Acuarela,38,26.59,2.98,0.15
Cobalt Violet,Acuarela,86,13.73,-3.97,0.15
Cobalt Violet Deep,Acuarela,70,13.96,-19.41,0.15
Wisteria,Acuarela,72,27.14,-21.47,0.4
Ultramarine Red,Acuarela,76,23.25,-11.93,0.15
Rose of Ultramarine,Acuarela,38,31.59,-20.33,0.15
Quinacridone Purple,Acuarela,40,33.99,-22.1,0.15
Imperial Purple,Acuarela,49,21.4,-34.52,0.4
Purpurite Genuine,Acuarela,62,11.69,-1.09,0.4
Ultramarine Violet,Acuarela,73,14.35,-20.69,0.15
Amethyst Genuine,Acuarela,43,16.0,-23.1,0.4
Carbazole Violet,Acuarela,38,24.54,-31.99,0.4
Cobalt Blue Violet,Acuarela,52,19.2,-40.69,0.4
Moonglow,Acuarela,48,7.81,-6.02,0.15
Shadow Violet,Acuarela,54,8.58,-0.72,0.15
Sugilite Genuine,Acuarela,72,7.19,-8.51,0.15
Kyanite Genuine,Acuarela,64,-6.96,-15.89,0.15
Indigo,Acuarela,27,5.49,-10.61,0.15
Mayan Dark Blue,Acuarela,37,-5.72,-19.31,0.4
Indanthrone Blue,Acuarela,28,13.2,-29.47,0.15
Sodalite Genuine,Acuarela,57,-2.97,-8.97,0.4
Lapis Lazuli Genuine,Acuarela,80,-4.69,-12.8,0.15
French Ultramarine,Acuarela,51,8.65,-58.12,0.15
Ultramarine Blue,Acuarela,51,6.71,-56.28,0.15
Cobalt Blue,Acuarela,66,-8.31,-39.09,0.4
Phthalo Blue (Green Shade),Acuarela,50,-22.47,-38.36,0.15
Lavender,Acuarela,79,0.29,-23.11,0.4
King's Royal Blue,Acuarela,77,-4.9,-26.2,0.5
Verditer Blue,Acuarela,62,-12.1,-38.32,0.4
Phthalo Blue (Red Shade),Acuarela,40,-3.72,-41.15,0.15
Prussian Blue,Acuarela,38,-5.18,-32.22,0.15
Mayan Blue Genuine,Acuarela,59,-17.87,-14.57,0.15
Cerulean Blue,Acuarela,78,-13.18,-18.06,0.4
Cerulean Blue Chromium,Acuarela,58,-24.17,-29.0,0.4
Manganese Blue Hue,Acuarela,81,-21.33,-18.74,0.15
Cobalt Teal Blue,Acuarela,82,-30.17,-6.71,0.4
Phthalo Turquoise,Acuarela,52,-45.92,-10.39,0.15
Kingman Green Turquoise Genuine,Acuarela,83,-17.58,5.35,0.15
Ultramarine Turquoise,Acuarela,50,-47.12,-5.41,0.15
Sleeping Beauty Turquoise Genuine,Acuarela,77,-24.32,-6.9,0.4
Cobalt Turquoise,Acuarela,71,-22.22,-2.99,0.4
Amazonite Genuine,Acuarela,77,-34.25,0.11,0.15
Blue Apatite Genuine,Acuarela,62,-16.43,-12.27,0.15
Lunar Blue,Acuarela,70,-14.53,-12.34,0.4
Cobalt Green Pale,Acuarela,86,-13.89,2.91,0.15
Fuchsite Genuine,Acuarela,89,-15.62,4.55,0.15
Viridian,Acuarela,72,-31.9,7.44,0.15
Diopside Genuine,Acuarela,55,-32.24,24.08,0.15
Phthalo Green (Blue Shade),Acuarela,46,-55.18,9.37,0.15
Cascade Green,Acuarela,50,-21.66,2.04,0.4
Jadeite Genuine,Acuarela,41,-21.63,15.75,0.4
Cobalt Green,Acuarela,69,-36.22,25.25,0.4
Spring Green,Acuarela,75,-46.15,50.67,0.4
Permanent Green Light,Acuarela,74,-51.06,54.37,0.4
Phthalo Yellow Green,Acuarela,83,-40.9,73.44,0.15
Permanent Green,Acuarela,60,-57.97,36.04,0.15
Phthalo Green (Yellow Shade),Acuarela,61,-57.82,27.36,0.15
Hooker's Green,Acuarela,57,-37.49,35.0,0.4
Sap Green,Acuarela,57,-14.3,43.67,0.15
Serpentine Genuine,Acuarela,63,-9.09,45.0,0.4
Chromium Green Oxide,Acuarela,59,-14.21,18.21,0.9
Green Apatite Genuine,Acuarela,50,-10.38,29.79,0.4
Terre Verte,Acuarela,66,-16.29,10.61,0.15
Deep Sap Green,Acuarela,33,-15.62,8.47,0.15
Perylene Green,Acuarela,35,-5.61,3.4,0.4
Prussian Green,Acuarela,33,-19.11,-4.08,0.4
Rare Green Earth,Acuarela,74,-6.28,9.74,0.15
Undersea Green,Acuarela,49,-8.24,19.48,0.4
Zoisite Genuine,Acuarela,67,-7.99,9.61,0.4
Olive Green,Acuarela,57,0.49,40.9,0.4
Green Gold,Acuarela,76,-8.84,77.68,0.15
Rich Green Gold,Acuarela,76,3.18,68.57,0.4
Nickel Azo Yellow,Acuarela,80,9.4,87.38,0.15
Bronzite Genuine,Acuarela,73,13.67,29.43,0.15
Verona Gold Ochre,Acuarela,87,5.35,30.9,0.15
Burnt Bronzite Genuine,Acuarela,70,14.35,13.69,0.15
French Ochre,Acuarela,82,12.3,44.73,0.15
Raw Sienna Light,Acuarela,81,15.18,56.63,0.4
Burgundy Yellow Ochre,Acuarela,80,13.85,51.56,0.15
Chrome Titanate Yellow,Acuarela,81,13.5,38.6,0.5
Yellow Ochre,Acuarela,76,19.07,55.3,0.15
Mars Yellow,Acuarela,70,22.43,59.76,0.4
Yavapai Genuine,Acuarela,71,11.58,25.17,0.15
Raw Sienna,Acuarela,67,24.2,49.45,0.4
Transparent Yellow Oxide,Acuarela,65,21.74,52.57,0.15
Monte Amiata Natural Sienna,Acuarela,81,12.48,51.59,0.15
Enviro-Friendly Red Iron Oxide,Acuarela,49,26.54,23.58,0.4
Goethite (Brown Ochre),Acuarela,63,18.55,40.12,0.4
Quinacridone Deep Gold,Acuarela,64,28.79,56.17,0.15
Italian Deep Ochre,Acuarela,84,9.45,29.14,0.15
Lunar Earth,Acuarela,67,19.32,22.54,0.15
Burnt Yellow Ochre,Acuarela,50,36.39,29.65,0.15
Garnet Genuine,Acuarela,48,39.14,31.33,0.15
Roasted French Ochre,Acuarela,60,31.83,35.89,0.15
Burgundy Red Ochre,Acuarela,61,27.47,35.12,0.15
Indian Red,Acuarela,45,25.1,15.94,0.9
Venetian Red,Acuarela,49,32.54,24.25,0.9
Italian Burnt Sienna,Acuarela,60,29.99,33.87,0.4
Quinacridone Burnt Orange,Acuarela,58,35.59,44.31,0.15
Quinacridone Sienna,Acuarela,63,44.57,52.41,0.15
Pompeii Red,Acuarela,65,26.87,39.41,0.4
Red Fuchsite Genuine,Acuarela,61,23.49,12.65,0.15
Terre Ercolano,Acuarela,70,29.83,32.07,0.4
Minnesota Pipestone Genuine,Acuarela,72,20.11,17.01,0.4
Italian Venetian Red,Acuarela,77,18.51,16.92,0.4
English Red Earth,Acuarela,47,28.49,24.94,0.9
Red Jasper Genuine,Acuarela,62,20.43,21.32,0.4
Hematite Burnt Scarlet Genuine,Acuarela,58,19.9,25.49,0.4
Quinacridone Burnt Scarlet,Acuarela,55,40.61,31.6,0.15
Perylene Maroon,Acuarela,39,35.91,19.35,0.4
Sedona Genuine,Acuarela,71,24.03,28.86,0.4
Deep Scarlet,Acuarela,44,40.01,27.06,0.4
Naphthamide Maroon,Acuarela,36,28.83,10.61,0.4
Lunar Red Rock,Acuarela,51,16.35,10.58,0.4
Piemontite Genuine,Acuarela,47,19.01,8.3,0.4
Tiger's Eye Genuine,Acuarela,73,5.86,19.85,0.15
Burnt Tiger's Eye Genuine,Acuarela,70,13.34,20.4,0.15
Hematite Genuine,Acuarela,67,1.33,5.57,0.4
German Greenish Raw Umber,Acuarela,68,4.78,27.24,0.4
Hematite Violet Genuine,Acuarela,67,8.78,9.05,0.4
Mummy Bauxite,Acuarela,57,19.9,31.12,0.4
Permanent Brown,Acuarela,43,29.67,23.43,0.15
Quinacridone Gold,Acuarela,73,21.9,67.76,0.15
Raw Umber Violet,Acuarela,44,15.62,12.11,0.4
Transparent Brown Oxide,Acuarela,45,24.16,26.49,0.15
Transparent Red Oxide,Acuarela,43,29.67,22.73,0.15
Fired Gold Ochre,Acuarela,72,19.47,18.52,0.15
Burnt Sienna Light,Acuarela,68,25.13,30.56,0.15
Enviro-Friendly Brown Iron Oxide,Acuarela,52,17.58,22.13,0.4
Burnt Sienna,Acuarela,56,29.41,33.41,0.4
English Red Ochre,Acuarela,60,26.25,27.44,0.15
Burnt Umber,Acuarela,49,14.73,24.06,0.4
Enviro-Friendly Yellow Iron Oxide,Acuarela,56,24.83,33.06,0.4
Raw Umber,Acuarela,51,7.2,20.97,0.4
Sepia,Acuarela,44,7.35,16.5,0.4
Sicklerite Genuine,Acuarela,64,5.77,13.16,0.15
Van Dyck Brown,Acuarela,44,6.33,13.91,0.4
Bloodstone Genuine,Acuarela,66,6.2,5.08,0.15
Lunar Violet,Acuarela,64,7.47,-10.7,0.4
Neutral Tint,Acuarela,44,1.31,-3.88,0.4
Graphite Gray,Acuarela,45,0.61,1.37,0.9
Jane's Grey,Acuarela,50,-1.94,-3.0,0.4
Payne's Blue Gray,Acuarela,32,-2.01,-8.13,0.4
Payne's Gray,Acuarela,47,-2.43,-5.0,0.4
Alvaro's Caliente Grey,Acuarela,41,0.7,9.61,0.4
Alvaro's Fresco Grey,Acuarela,47,0.02,-6.69,0.4
Joseph Z's Warm Grey,Acuarela,38,0.2,7.05,0.4
Joseph Z's Neutral Grey,Acuarela,39,-2.45,6.37,0.4
Joseph Z's Cool Grey,Acuarela,38,-6.23,0.19,0.4
Ivory Black,Acuarela,47,1.24,6.07,0.4
Lamp Black,Acuarela,28,0.13,0.73,0.9
Lunar Black,Acuarela,65,0.66,1.48,0.15
Black Tourmaline Genuine,Acuarela,65,-1.32,0.91,0.15
Gray Titanium,Acuarela,73,0.16,16.54,0.4
Chinese White,Acuarela,97,-0.63,3.48,0.4
Titanium White,Acuarela,96,-0.49,5.42,0.4
Phthalo Blue Turquoise,Acuarela,57,-37.0,-22.0,0.15
